{"cameraMode":{"drawMode":0,"name":"Shaded","section":"Shading Mode"},"sceneLighting":false,"audioPlay":false,"sceneViewState":{"m_AlwaysRefresh":false,"showFog":true,"showSkybox":false,"showFlares":true,"showImageEffects":true,"showParticleSystems":true,"showVisualEffectGraphs":true,"m_FxEnabled":true},"in2DMode":false,"pivot":{"x":-0.06107497215270996,"y":0.5688338875770569,"z":-0.08431823551654816},"rotation":{"x":-0.24213896691799165,"y":0.6624521017074585,"z":-0.24054500460624696,"w":-0.6668393015861511},"size":0.7050694823265076,"orthographic":false}